{
	"Forest Hills - 71 Av": [40.721689,-73.844524],
	"67 Av": [40.72652,-73.852721],
	"63 Dr - Rego Park": [40.728847,-73.859668],
	"Woodhaven Blvd": [40.733188,-73.868605],
	"Grand Av - Newtown": [40.736277,-73.876424],
	"Elmhurst Av": [40.742066,-73.881039],
	"Jackson Hts - Roosevelt Av": [40.745988,-73.890208],
	"65 St": [40.74933,-73.897382],
	"Northern Blvd": [40.753428,-73.906847],
	"46 St": [40.755813,-73.912642],
	"Steinway St": [40.758279,-73.919433],
	"36 St": [40.752232,-73.928775],
	"Queens Plaza": [40.748973,-73.937243],
	"Lexington Av/59 St": [40.762255,-73.965918],
	"5 Av/59 St": [40.764859,-73.973998],
	"57 St - 7 Av": [40.764664,-73.980658],
	"49 St": [40.759901,-73.984139],
	"Times Sq - 42 St": [40.754672,-73.986754],
	"34 St - Herald Sq": [40.749567,-73.98795],
	"28 St": [40.745488,-73.98901],
	"23 St": [40.74108,-73.989083],
	"14 St - Union Sq": [40.735736,-73.990568],
	"8 St - NYU": [40.730716,-73.992517],
	"Prince St": [40.724344,-73.997875],
	"Canal St": [40.719166,-74.001774],
	"City Hall": [40.713279,-74.006981],
	"Cortlandt St": [40.710668,-74.011029],
	"Rector St": [40.707225,-74.013454],
	"Whitehall St": [40.701938,-74.012588],
	"Court St": [40.694416,-73.992619],
	"Jay St - MetroTech": [40.692315,-73.985172],
	"DeKalb Av": [40.690635,-73.981824],
	"Atlantic Av - Barclays Center": [40.683907,-73.97887],
	"Union St": [40.677313,-73.983113],
	"4 Av - 9 St": [40.670409,-73.988472],
	"Prospect Av": [40.665269,-73.993245],
	"25 St": [40.660489,-73.99822],
	"36 St": [40.65449,-74.004499],
	"45 St": [40.649265,-74.009457],
	"53 St": [40.645619,-74.013688],
	"59 St": [40.641362,-74.017881],
	"Bay Ridge Av": [40.635468,-74.023313],
	"77 St": [40.630221,-74.025459],
	"86 St": [40.622583,-74.028315],
	"Bay Ridge - 95 St": [[40.635468,-74.023313]
}